{"root":[{"assemblyName":"Assembly-CSharp","nameSpace":"","className":"ONSPAudioSource","methodName":"OnBeforeSceneLoadRuntimeMethod","loadTypes":1,"isUnityClass":false},{"assemblyName":"Unity.XR.Management","nameSpace":"UnityEngine.XR.Management","className":"XRGeneralSettings","methodName":"AttemptInitializeXRSDKOnLoad","loadTypes":2,"isUnityClass":true},{"assemblyName":"Unity.XR.Management","nameSpace":"UnityEngine.XR.Management","className":"XRGeneralSettings","methodName":"AttemptStartXRSDKOnBeforeSplashScreen","loadTypes":3,"isUnityClass":true},{"assemblyName":"Unity.RenderPipelines.Universal.Runtime","nameSpace":"UnityEngine.Rendering.Universal","className":"XRSystem","methodName":"XRSystemInit","loadTypes":3,"isUnityClass":true},{"assemblyName":"Unity.XR.WindowsMixedReality","nameSpace":"UnityEngine.XR.WindowsMR","className":"WindowsMRAnchorSubsystem","methodName":"RegisterDescriptor","loadTypes":4,"isUnityClass":true},{"assemblyName":"Unity.XR.WindowsMixedReality","nameSpace":"UnityEngine.XR.WindowsMR","className":"WindowsMRGestureSubsystem","methodName":"RegisterDescriptor","loadTypes":4,"isUnityClass":true},{"assemblyName":"Unity.XR.WindowsMixedReality","nameSpace":"UnityEngine.XR.WindowsMR","className":"WindowsMRSessionSubsystem","methodName":"RegisterDescriptor","loadTypes":4,"isUnityClass":true},{"assemblyName":"Unity.RenderPipelines.Core.Runtime","nameSpace":"UnityEngine.Rendering","className":"DebugUpdater","methodName":"RuntimeInit","loadTypes":0,"isUnityClass":true},{"assemblyName":"Unity.XR.Oculus","nameSpace":"Unity.XR.Oculus","className":"OculusLoader","methodName":"RuntimeLoadOVRPlugin","loadTypes":2,"isUnityClass":true}]}
